Institution,Source,URL,Used for
SEBI,Growth of Individual Investors in Indian Securities Market,https://www.sebi.gov.in/sebi_data/attachdocs/jul-2025/1753873938682.pdf,"Demat accounts, unique holders, mutual-fund investors, discount-broker share"
SEBI,Investor Survey 2025,https://www.sebi.gov.in/sebi_data/commondocs/jan-2026/Investor%20Survey%202025%20Main%20Report.pdf,"Household participation, awareness, urban/rural and state penetration"
SEBI,Household Savings through Indian Securities Market,https://www.sebi.gov.in/sebi_data/attachdocs/may-2026/1779279059081.pdf,Household-sector primary/secondary savings flows and methodology
AMFI,Indian Mutual Fund Industry Statistics,https://www.amfiindia.com/articles/indian-mutual,MF AUM and folios
AMFI,Mutual Fund / SIP statistics,https://www.amfiindia.com/mutual-fund,SIP contributions and SIP account statistics
NSE,India Ownership Tracker Q4 FY26,https://nsearchives.nseindia.com/web/mediaattachment/2026-05/India_Ownership_Report_March_2026_20260522113611.pdf,"Individual, DMF and FPI ownership; individual equity exposure"
NSE,Market Pulse May 2026,https://nsearchives.nseindia.com/web/mediaattachment/2026-05/Market_Pulse_May_2026.pdf,Household equity wealth creation and holdings
CER,Columbia Economic Review journal submission guidelines,https://cer.econ.columbia.edu/journal,"Submission eligibility, length, abstract, graphics and reproducibility requirements"
IIMB Management Review,Do retail mutual fund investments represent “dumb money”?,https://www.iimb.ac.in/imr/previous-issues/retail-march-2021.php,Related literature
SAGE,Navigating Financialization in Rural India: Stock Market Participation Through Professional Communities,https://journals.sagepub.com/doi/10.1177/09731741261478420,Related literature
