measure,period,value,source
Unique individual demat holders,Mar-2019,282.2 lakh,SEBI 2025
Unique individual demat holders,Mar-2020,317.4 lakh,SEBI 2025
Unique individual demat holders,Mar-2024,895.8 lakh,SEBI 2025
Individual demat accounts,Mar-2019,354.3 lakh,SEBI 2025
Individual demat accounts,Mar-2020,403.9 lakh,SEBI 2025
Individual demat accounts,Mar-2024,"1,508.4 lakh",SEBI 2025
Total demat accounts,Mar-2024,"1,513.8 lakh",SEBI 2025
Discount-broker share among accounts added by top 10 CDSL DPs,FY2017,24.2%,SEBI/CDSL
Discount-broker share among accounts added by top 10 CDSL DPs,FY2024,88.4%,SEBI/CDSL
Unique individual mutual-fund investors,Mar-2019,191.7 lakh,SEBI 2025
Unique individual mutual-fund investors,Mar-2024,442.5 lakh,SEBI 2025
MF AUM,Aug-2016,₹15.63 trillion,AMFI 2026
MF AUM,Aug-2026,₹87.08 trillion,AMFI 2026
MF folios,Aug-2026,28.35 crore,AMFI 2026
SIP contribution,FY2025-26,"₹3,49,589 crore",AMFI 2026
SIP contribution,Aug-2026,"₹32,297 crore",AMFI 2026
SIP contributing accounts,Apr-Aug 2026,"1,001.79 lakh",AMFI 2026
SIP outstanding accounts,Apr-Aug 2026,"1,075.32 lakh",AMFI 2026
Households invested in securities-market products,Survey 2025,9.5%,SEBI Investor Survey 2025
Households aware of at least one securities product,Survey 2025,63%,SEBI Investor Survey 2025
Direct individual ownership,Mar-2026,9.1%,NSE Ownership Tracker Q4 FY26
Direct + indirect individual ownership,Mar-2026,18.7%,NSE Ownership Tracker Q4 FY26
Individual equity exposure,Mar-2026,₹76.5 lakh crore,NSE Ownership Tracker Q4 FY26
Cumulative household equity wealth creation,Apr-2020 to Mar-2026,≈₹44 lakh crore,NSE Market Pulse May 2026
Household-sector savings including NPISHs via securities-market primary channels,FY2024-25,"₹6,31,510 crore",SEBI 2026
Household-sector equity savings including NPISHs via primary market,FY2024-25,"₹95,139 crore",SEBI 2026
Household-sector debt savings including NPISHs via primary market,FY2024-25,"₹22,400 crore",SEBI 2026
